uf,ano,turno,url
AC,2012," Primeiro turno<span class=""format",https://cdn.tse.jus.br/estatistica/sead/eleicoes/eleicoes2012/buweb/bweb_1t_AC_10102012014547.zip
AC,2012," Segundo turno<span class=""format",https://cdn.tse.jus.br/estatistica/sead/eleicoes/eleicoes2012/buweb/bweb_2t_AC_30102012172126.zip
AL,2012," Primeiro turno<span class=""format",https://cdn.tse.jus.br/estatistica/sead/eleicoes/eleicoes2012/buweb/bweb_1t_AL_10102012014547.zip
AP,2012," Primeiro turno<span class=""format",https://cdn.tse.jus.br/estatistica/sead/eleicoes/eleicoes2012/buweb/bweb_1t_AP_10102012014547.zip
AP,2012," Segundo turno<span class=""format",https://cdn.tse.jus.br/estatistica/sead/eleicoes/eleicoes2012/buweb/bweb_2t_AP_30102012172126.zip
AM,2012," Primeiro turno<span class=""format",https://cdn.tse.jus.br/estatistica/sead/eleicoes/eleicoes2012/buweb/bweb_1t_AM_10102012014547.zip
AM,2012," Segundo turno<span class=""format",https://cdn.tse.jus.br/estatistica/sead/eleicoes/eleicoes2012/buweb/bweb_2t_AM_30102012172126.zip
BA,2012," Primeiro turno<span class=""format",https://cdn.tse.jus.br/estatistica/sead/eleicoes/eleicoes2012/buweb/bweb_1t_BA_10102012014547.zip
BA,2012," Segundo turno<span class=""format",https://cdn.tse.jus.br/estatistica/sead/eleicoes/eleicoes2012/buweb/bweb_2t_BA_30102012172126.zip
CE,2012," Primeiro turno<span class=""format",https://cdn.tse.jus.br/estatistica/sead/eleicoes/eleicoes2012/buweb/bweb_1t_CE_10102012014547.zip
CE,2012," Segundo turno<span class=""format",https://cdn.tse.jus.br/estatistica/sead/eleicoes/eleicoes2012/buweb/bweb_2t_CE_30102012172126.zip
ES,2012," Primeiro turno<span class=""format",https://cdn.tse.jus.br/estatistica/sead/eleicoes/eleicoes2012/buweb/bweb_1t_ES_10102012014547.zip
ES,2012," Segundo turno<span class=""format",https://cdn.tse.jus.br/estatistica/sead/eleicoes/eleicoes2012/buweb/bweb_2t_ES_30102012172126.zip
GO,2012," Primeiro turno<span class=""format",https://cdn.tse.jus.br/estatistica/sead/eleicoes/eleicoes2012/buweb/bweb_1t_GO_10102012014547.zip
MA,2012," Primeiro turno<span class=""format",https://cdn.tse.jus.br/estatistica/sead/eleicoes/eleicoes2012/buweb/bweb_1t_MA_10102012014547.zip
MA,2012," Segundo turno<span class=""format",https://cdn.tse.jus.br/estatistica/sead/eleicoes/eleicoes2012/buweb/bweb_2t_MA_30102012172126.zip
MT,2012," Primeiro turno<span class=""format",https://cdn.tse.jus.br/estatistica/sead/eleicoes/eleicoes2012/buweb/bweb_1t_MT_10102012014547.zip
MT,2012," Segundo turno<span class=""format",https://cdn.tse.jus.br/estatistica/sead/eleicoes/eleicoes2012/buweb/bweb_2t_MT_30102012172126.zip
MS,2012," Primeiro turno<span class=""format",https://cdn.tse.jus.br/estatistica/sead/eleicoes/eleicoes2012/buweb/bweb_1t_MS_10102012014547.zip
MS,2012," Segundo turno<span class=""format",https://cdn.tse.jus.br/estatistica/sead/eleicoes/eleicoes2012/buweb/bweb_2t_MS_30102012172126.zip
MG,2012," Primeiro turno<span class=""format",https://cdn.tse.jus.br/estatistica/sead/eleicoes/eleicoes2012/buweb/bweb_1t_MG_10102012014547.zip
MG,2012," Segundo turno<span class=""format",https://cdn.tse.jus.br/estatistica/sead/eleicoes/eleicoes2012/buweb/bweb_2t_MG_30102012172126.zip
PA,2012," Primeiro turno<span class=""format",https://cdn.tse.jus.br/estatistica/sead/eleicoes/eleicoes2012/buweb/bweb_1t_PA_10102012014547.zip
PA,2012," Segundo turno<span class=""format",https://cdn.tse.jus.br/estatistica/sead/eleicoes/eleicoes2012/buweb/bweb_2t_PA_30102012172126.zip
PB,2012," Primeiro turno<span class=""format",https://cdn.tse.jus.br/estatistica/sead/eleicoes/eleicoes2012/buweb/bweb_1t_PB_10102012014547.zip
PB,2012," Segundo turno<span class=""format",https://cdn.tse.jus.br/estatistica/sead/eleicoes/eleicoes2012/buweb/bweb_2t_PB_30102012172126.zip
PR,2012," Primeiro turno<span class=""format",https://cdn.tse.jus.br/estatistica/sead/eleicoes/eleicoes2012/buweb/bweb_1t_PR_10102012014547.zip
PR,2012," Segundo turno<span class=""format",https://cdn.tse.jus.br/estatistica/sead/eleicoes/eleicoes2012/buweb/bweb_2t_PR_30102012172126.zip
PE,2012," Primeiro turno<span class=""format",https://cdn.tse.jus.br/estatistica/sead/eleicoes/eleicoes2012/buweb/bweb_1t_PE_10102012014547.zip
PI,2012," Primeiro turno<span class=""format",https://cdn.tse.jus.br/estatistica/sead/eleicoes/eleicoes2012/buweb/bweb_1t_PI_10102012014547.zip
PI,2012," Segundo turno<span class=""format",https://cdn.tse.jus.br/estatistica/sead/eleicoes/eleicoes2012/buweb/bweb_2t_PI_30102012172126.zip
RJ,2012," Primeiro turno<span class=""format",https://cdn.tse.jus.br/estatistica/sead/eleicoes/eleicoes2012/buweb/bweb_1t_RJ_10102012014547.zip
RJ,2012," Segundo turno<span class=""format",https://cdn.tse.jus.br/estatistica/sead/eleicoes/eleicoes2012/buweb/bweb_2t_RJ_30102012172126.zip
RN,2012," Primeiro turno<span class=""format",https://cdn.tse.jus.br/estatistica/sead/eleicoes/eleicoes2012/buweb/bweb_1t_RN_10102012014547.zip
RN,2012," Segundo turno<span class=""format",https://cdn.tse.jus.br/estatistica/sead/eleicoes/eleicoes2012/buweb/bweb_2t_RN_30102012172126.zip
RS,2012," Primeiro turno<span class=""format",https://cdn.tse.jus.br/estatistica/sead/eleicoes/eleicoes2012/buweb/bweb_1t_RS_10102012014547.zip
RS,2012," Segundo turno<span class=""format",https://cdn.tse.jus.br/estatistica/sead/eleicoes/eleicoes2012/buweb/bweb_2t_RS_30102012172126.zip
RO,2012," Primeiro turno<span class=""format",https://cdn.tse.jus.br/estatistica/sead/eleicoes/eleicoes2012/buweb/bweb_1t_RO_10102012014547.zip
RO,2012," Segundo turno<span class=""format",https://cdn.tse.jus.br/estatistica/sead/eleicoes/eleicoes2012/buweb/bweb_2t_RO_30102012172126.zip
RR,2012," Primeiro turno<span class=""format",https://cdn.tse.jus.br/estatistica/sead/eleicoes/eleicoes2012/buweb/bweb_1t_RR_10102012014547.zip
SC,2012," Primeiro turno<span class=""format",https://cdn.tse.jus.br/estatistica/sead/eleicoes/eleicoes2012/buweb/bweb_1t_SC_10102012014547.zip
SC,2012," Segundo turno<span class=""format",https://cdn.tse.jus.br/estatistica/sead/eleicoes/eleicoes2012/buweb/bweb_2t_SC_30102012172126.zip
SP,2012," Primeiro turno<span class=""format",https://cdn.tse.jus.br/estatistica/sead/eleicoes/eleicoes2012/buweb/bweb_1t_SP_10102012014547.zip
SP,2012," Segundo turno<span class=""format",https://cdn.tse.jus.br/estatistica/sead/eleicoes/eleicoes2012/buweb/bweb_2t_SP_30102012172126.zip
SE,2012," Primeiro turno<span class=""format",https://cdn.tse.jus.br/estatistica/sead/eleicoes/eleicoes2012/buweb/bweb_1t_SE_10102012014547.zip
TO,2012," Primeiro turno<span class=""format",https://cdn.tse.jus.br/estatistica/sead/eleicoes/eleicoes2012/buweb/bweb_1t_TO_10102012014547.zip
AC,2014, Primeiro turno ,https://cdn.tse.jus.br/estatistica/sead/eleicoes/eleicoes2014/buweb/bweb_1t_AC_14102014131600.zip
AC,2014, Segundo turno ,https://cdn.tse.jus.br/estatistica/sead/eleicoes/eleicoes2014/buweb/bweb_2t_AC_28102014114450.zip
AL,2014, Primeiro turno ,https://cdn.tse.jus.br/estatistica/sead/eleicoes/eleicoes2014/buweb/bweb_1t_AL_14102014131724.zip
AL,2014, Segundo turno ,https://cdn.tse.jus.br/estatistica/sead/eleicoes/eleicoes2014/buweb/bweb_2t_AL_28102014114941.zip
AP,2014, Primeiro turno ,https://cdn.tse.jus.br/estatistica/sead/eleicoes/eleicoes2014/buweb/bweb_1t_AP_14102014132239.zip
AP,2014, Segundo turno ,https://cdn.tse.jus.br/estatistica/sead/eleicoes/eleicoes2014/buweb/bweb_2t_AP_28102014115835.zip
AM,2014, Primeiro turno ,https://cdn.tse.jus.br/estatistica/sead/eleicoes/eleicoes2014/buweb/bweb_1t_AM_14102014131956.zip
AM,2014, Segundo turno ,https://cdn.tse.jus.br/estatistica/sead/eleicoes/eleicoes2014/buweb/bweb_2t_AM_28102014115349.zip
BA,2014, Primeiro turno ,https://cdn.tse.jus.br/estatistica/sead/eleicoes/eleicoes2014/buweb/bweb_1t_BA_14102014132437.zip
BA,2014, Segundo turno ,https://cdn.tse.jus.br/estatistica/sead/eleicoes/eleicoes2014/buweb/bweb_2t_BA_28102014120236.zip
CE,2014, Primeiro turno ,https://cdn.tse.jus.br/estatistica/sead/eleicoes/eleicoes2014/buweb/bweb_1t_CE_14102014132811.zip
CE,2014, Segundo turno ,https://cdn.tse.jus.br/estatistica/sead/eleicoes/eleicoes2014/buweb/bweb_2t_CE_28102014120643.zip
DF,2014, Primeiro turno ,https://cdn.tse.jus.br/estatistica/sead/eleicoes/eleicoes2014/buweb/bweb_1t_DF_14102014133057.zip
DF,2014, Segundo turno ,https://cdn.tse.jus.br/estatistica/sead/eleicoes/eleicoes2014/buweb/bweb_2t_DF_28102014121036.zip
ES,2014, Primeiro turno ,https://cdn.tse.jus.br/estatistica/sead/eleicoes/eleicoes2014/buweb/bweb_1t_ES_14102014133258.zip
ES,2014, Segundo turno ,https://cdn.tse.jus.br/estatistica/sead/eleicoes/eleicoes2014/buweb/bweb_2t_ES_28102014121431.zip
GO,2014, Primeiro turno ,https://cdn.tse.jus.br/estatistica/sead/eleicoes/eleicoes2014/buweb/bweb_1t_GO_14102014133534.zip
GO,2014, Segundo turno ,https://cdn.tse.jus.br/estatistica/sead/eleicoes/eleicoes2014/buweb/bweb_2t_GO_28102014121839.zip
MA,2014, Primeiro turno ,https://cdn.tse.jus.br/estatistica/sead/eleicoes/eleicoes2014/buweb/bweb_1t_MA_14102014133746.zip
MA,2014, Segundo turno ,https://cdn.tse.jus.br/estatistica/sead/eleicoes/eleicoes2014/buweb/bweb_2t_MA_28102014122307.zip
MT,2014, Primeiro turno ,https://cdn.tse.jus.br/estatistica/sead/eleicoes/eleicoes2014/buweb/bweb_1t_MT_14102014134508.zip
MT,2014, Segundo turno ,https://cdn.tse.jus.br/estatistica/sead/eleicoes/eleicoes2014/buweb/bweb_2t_MT_28102014123633.zip
MS,2014, Primeiro turno ,https://cdn.tse.jus.br/estatistica/sead/eleicoes/eleicoes2014/buweb/bweb_1t_MS_14102014134342.zip
MS,2014, Segundo turno ,https://cdn.tse.jus.br/estatistica/sead/eleicoes/eleicoes2014/buweb/bweb_2t_MS_28102014123155.zip
MG,2014, Primeiro turno ,https://cdn.tse.jus.br/estatistica/sead/eleicoes/eleicoes2014/buweb/bweb_1t_MG_14102014133941.zip
MG,2014, Segundo turno ,https://cdn.tse.jus.br/estatistica/sead/eleicoes/eleicoes2014/buweb/bweb_2t_MG_28102014122730.zip
PA,2014, Primeiro turno ,https://cdn.tse.jus.br/estatistica/sead/eleicoes/eleicoes2014/buweb/bweb_1t_PA_14102014134622.zip
PA,2014, Segundo turno ,https://cdn.tse.jus.br/estatistica/sead/eleicoes/eleicoes2014/buweb/bweb_2t_PA_28102014124021.zip
PB,2014, Primeiro turno ,https://cdn.tse.jus.br/estatistica/sead/eleicoes/eleicoes2014/buweb/bweb_1t_PB_14102014134816.zip
PB,2014, Segundo turno ,https://cdn.tse.jus.br/estatistica/sead/eleicoes/eleicoes2014/buweb/bweb_2t_PB_28102014124426.zip
PR,2014, Primeiro turno ,https://cdn.tse.jus.br/estatistica/sead/eleicoes/eleicoes2014/buweb/bweb_1t_PR_14102014135330.zip
PR,2014, Segundo turno ,https://cdn.tse.jus.br/estatistica/sead/eleicoes/eleicoes2014/buweb/bweb_2t_PR_28102014125604.zip
PE,2014, Primeiro turno ,https://cdn.tse.jus.br/estatistica/sead/eleicoes/eleicoes2014/buweb/bweb_1t_PE_14102014134940.zip
PE,2014, Segundo turno ,https://cdn.tse.jus.br/estatistica/sead/eleicoes/eleicoes2014/buweb/bweb_2t_PE_28102014124827.zip
PI,2014, Primeiro turno ,https://cdn.tse.jus.br/estatistica/sead/eleicoes/eleicoes2014/buweb/bweb_1t_PI_14102014135200.zip
PI,2014, Segundo turno ,https://cdn.tse.jus.br/estatistica/sead/eleicoes/eleicoes2014/buweb/bweb_2t_PI_28102014125213.zip
RJ,2014, Primeiro turno ,https://cdn.tse.jus.br/estatistica/sead/eleicoes/eleicoes2014/buweb/bweb_1t_RJ_14102014135555.zip
RJ,2014, Segundo turno ,https://cdn.tse.jus.br/estatistica/sead/eleicoes/eleicoes2014/buweb/bweb_2t_RJ_28102014130047.zip
RN,2014, Primeiro turno ,https://cdn.tse.jus.br/estatistica/sead/eleicoes/eleicoes2014/buweb/bweb_1t_RN_14102014140015.zip
RN,2014, Segundo turno ,https://cdn.tse.jus.br/estatistica/sead/eleicoes/eleicoes2014/buweb/bweb_2t_RN_28102014130526.zip
RS,2014, Primeiro turno ,https://cdn.tse.jus.br/estatistica/sead/eleicoes/eleicoes2014/buweb/bweb_1t_RS_14102014140344.zip
RS,2014, Segundo turno ,https://cdn.tse.jus.br/estatistica/sead/eleicoes/eleicoes2014/buweb/bweb_2t_RS_28102014131811.zip
RO,2014, Primeiro turno ,https://cdn.tse.jus.br/estatistica/sead/eleicoes/eleicoes2014/buweb/bweb_1t_RO_14102014140131.zip
RO,2014, Segundo turno ,https://cdn.tse.jus.br/estatistica/sead/eleicoes/eleicoes2014/buweb/bweb_2t_RO_28102014130948.zip
RR,2014, Primeiro turno ,https://cdn.tse.jus.br/estatistica/sead/eleicoes/eleicoes2014/buweb/bweb_1t_RR_14102014140241.zip
RR,2014, Segundo turno ,https://cdn.tse.jus.br/estatistica/sead/eleicoes/eleicoes2014/buweb/bweb_2t_RR_28102014131402.zip
SC,2014, Primeiro turno ,https://cdn.tse.jus.br/estatistica/sead/eleicoes/eleicoes2014/buweb/bweb_1t_SC_14102014140606.zip
SC,2014, Segundo turno ,https://cdn.tse.jus.br/estatistica/sead/eleicoes/eleicoes2014/buweb/bweb_2t_SC_28102014132154.zip
SP,2014, Primeiro turno ,https://cdn.tse.jus.br/estatistica/sead/eleicoes/eleicoes2014/buweb/bweb_1t_SP_14102014140937.zip
SP,2014, Segundo turno ,https://cdn.tse.jus.br/estatistica/sead/eleicoes/eleicoes2014/buweb/bweb_2t_SP_28102014133018.zip
SE,2014, Primeiro turno ,https://cdn.tse.jus.br/estatistica/sead/eleicoes/eleicoes2014/buweb/bweb_1t_SE_14102014140814.zip
SE,2014, Segundo turno ,https://cdn.tse.jus.br/estatistica/sead/eleicoes/eleicoes2014/buweb/bweb_2t_SE_28102014132556.zip
TO,2014, Primeiro turno ,https://cdn.tse.jus.br/estatistica/sead/eleicoes/eleicoes2014/buweb/bweb_1t_TO_14102014141909.zip
TO,2014, Segundo turno ,https://cdn.tse.jus.br/estatistica/sead/eleicoes/eleicoes2014/buweb/bweb_2t_TO_28102014133436.zip
Exterior,2014, Primeiro turno ,https://cdn.tse.jus.br/estatistica/sead/eleicoes/eleicoes2014/buweb/bweb_1t_ZZ_14102014142031.zip
Exterior,2014, Segundo turno ,https://cdn.tse.jus.br/estatistica/sead/eleicoes/eleicoes2014/buweb/bweb_2t_ZZ_28102014133904.zip
AC,2016, Primeiro turno ,https://cdn.tse.jus.br/estatistica/sead/eleicoes/eleicoes2016/buweb/bweb_1t_AC_04102016204813.zip
AL,2016, Primeiro turno ,https://cdn.tse.jus.br/estatistica/sead/eleicoes/eleicoes2016/buweb/bweb_1t_AL_04102016205037.zip
AL,2016, Segundo turno ,https://cdn.tse.jus.br/estatistica/sead/eleicoes/eleicoes2016/buweb/bweb_2t_AL_31102016132955.zip
AP,2016, Primeiro turno ,https://cdn.tse.jus.br/estatistica/sead/eleicoes/eleicoes2016/buweb/bweb_1t_AP_04102016210034.zip
AP,2016, Segundo turno ,https://cdn.tse.jus.br/estatistica/sead/eleicoes/eleicoes2016/buweb/bweb_2t_AP_31102016133156.zip
AM,2016, Primeiro turno ,https://cdn.tse.jus.br/estatistica/sead/eleicoes/eleicoes2016/buweb/bweb_1t_AM_04102016205544.zip
AM,2016, Segundo turno ,https://cdn.tse.jus.br/estatistica/sead/eleicoes/eleicoes2016/buweb/bweb_2t_AM_31102016133050.zip
BA,2016, Primeiro turno ,https://cdn.tse.jus.br/estatistica/sead/eleicoes/eleicoes2016/buweb/bweb_1t_BA_04102016210517.zip
BA,2016, Segundo turno ,https://cdn.tse.jus.br/estatistica/sead/eleicoes/eleicoes2016/buweb/bweb_2t_BA_31102016133257.zip
CE,2016, Primeiro turno ,https://cdn.tse.jus.br/estatistica/sead/eleicoes/eleicoes2016/buweb/bweb_1t_CE_04102016211023.zip
CE,2016, Segundo turno ,https://cdn.tse.jus.br/estatistica/sead/eleicoes/eleicoes2016/buweb/bweb_2t_CE_31102016133400.zip
ES,2016, Primeiro turno ,https://cdn.tse.jus.br/estatistica/sead/eleicoes/eleicoes2016/buweb/bweb_1t_ES_04102016211528.zip
ES,2016, Segundo turno ,https://cdn.tse.jus.br/estatistica/sead/eleicoes/eleicoes2016/buweb/bweb_2t_ES_31102016133510.zip
GO,2016, Primeiro turno ,https://cdn.tse.jus.br/estatistica/sead/eleicoes/eleicoes2016/buweb/bweb_1t_GO_04102016211949.zip
GO,2016, Segundo turno ,https://cdn.tse.jus.br/estatistica/sead/eleicoes/eleicoes2016/buweb/bweb_2t_GO_31102016133611.zip
MA,2016, Primeiro turno ,https://cdn.tse.jus.br/estatistica/sead/eleicoes/eleicoes2016/buweb/bweb_1t_MA_04102016184758.zip
MA,2016, Segundo turno ,https://cdn.tse.jus.br/estatistica/sead/eleicoes/eleicoes2016/buweb/bweb_2t_MA_31102016133713.zip
MT,2016, Primeiro turno ,https://cdn.tse.jus.br/estatistica/sead/eleicoes/eleicoes2016/buweb/bweb_1t_MT_04102016185209.zip
MT,2016, Segundo turno ,https://cdn.tse.jus.br/estatistica/sead/eleicoes/eleicoes2016/buweb/bweb_2t_MT_31102016133938.zip
MS,2016, Primeiro turno ,https://cdn.tse.jus.br/estatistica/sead/eleicoes/eleicoes2016/buweb/bweb_1t_MS_04102016185130.zip
MS,2016, Segundo turno ,https://cdn.tse.jus.br/estatistica/sead/eleicoes/eleicoes2016/buweb/bweb_2t_MS_31102016133859.zip
MG,2016, Primeiro turno ,https://cdn.tse.jus.br/estatistica/sead/eleicoes/eleicoes2016/buweb/bweb_1t_MG_04102016184853.zip
MG,2016, Segundo turno ,https://cdn.tse.jus.br/estatistica/sead/eleicoes/eleicoes2016/buweb/bweb_2t_MG_31102016133815.zip
PA,2016, Primeiro turno ,https://cdn.tse.jus.br/estatistica/sead/eleicoes/eleicoes2016/buweb/bweb_1t_PA_04102016185248.zip
PA,2016, Segundo turno ,https://cdn.tse.jus.br/estatistica/sead/eleicoes/eleicoes2016/buweb/bweb_2t_PA_31102016134029.zip
PB,2016, Primeiro turno ,https://cdn.tse.jus.br/estatistica/sead/eleicoes/eleicoes2016/buweb/bweb_1t_PB_04102016185359.zip
PR,2016, Primeiro turno ,https://cdn.tse.jus.br/estatistica/sead/eleicoes/eleicoes2016/buweb/bweb_1t_PR_04102016185638.zip
PR,2016, Segundo turno ,https://cdn.tse.jus.br/estatistica/sead/eleicoes/eleicoes2016/buweb/bweb_2t_PR_31102016134150.zip
PE,2016, Primeiro turno ,https://cdn.tse.jus.br/estatistica/sead/eleicoes/eleicoes2016/buweb/bweb_1t_PE_04102016185442.zip
PE,2016, Segundo turno ,https://cdn.tse.jus.br/estatistica/sead/eleicoes/eleicoes2016/buweb/bweb_2t_PE_31102016134108.zip
PI,2016, Primeiro turno ,https://cdn.tse.jus.br/estatistica/sead/eleicoes/eleicoes2016/buweb/bweb_1t_PI_04102016185559.zip
RJ,2016, Primeiro turno ,https://cdn.tse.jus.br/estatistica/sead/eleicoes/eleicoes2016/buweb/bweb_1t_RJ_04102016185804.zip
RJ,2016, Segundo turno ,https://cdn.tse.jus.br/estatistica/sead/eleicoes/eleicoes2016/buweb/bweb_2t_RJ_31102016134235.zip
RN,2016, Primeiro turno ,https://cdn.tse.jus.br/estatistica/sead/eleicoes/eleicoes2016/buweb/bweb_1t_RN_04102016190022.zip
RS,2016, Primeiro turno ,https://cdn.tse.jus.br/estatistica/sead/eleicoes/eleicoes2016/buweb/bweb_1t_RS_04102016190200.zip
RS,2016, Segundo turno ,https://cdn.tse.jus.br/estatistica/sead/eleicoes/eleicoes2016/buweb/bweb_2t_RS_31102016134403.zip
RO,2016, Primeiro turno ,https://cdn.tse.jus.br/estatistica/sead/eleicoes/eleicoes2016/buweb/bweb_1t_RO_04102016190100.zip
RO,2016, Segundo turno ,https://cdn.tse.jus.br/estatistica/sead/eleicoes/eleicoes2016/buweb/bweb_2t_RO_31102016134318.zip
RR,2016, Primeiro turno ,https://cdn.tse.jus.br/estatistica/sead/eleicoes/eleicoes2016/buweb/bweb_1t_RR_04102016190134.zip
SC,2016, Primeiro turno ,https://cdn.tse.jus.br/estatistica/sead/eleicoes/eleicoes2016/buweb/bweb_1t_SC_04102016190333.zip
SC,2016, Segundo turno ,https://cdn.tse.jus.br/estatistica/sead/eleicoes/eleicoes2016/buweb/bweb_2t_SC_31102016134445.zip
SP,2016, Primeiro turno ,https://cdn.tse.jus.br/estatistica/sead/eleicoes/eleicoes2016/buweb/bweb_1t_SP_04102016190502.zip
SP,2016, Segundo turno ,https://cdn.tse.jus.br/estatistica/sead/eleicoes/eleicoes2016/buweb/bweb_2t_SP_31102016134607.zip
SE,2016, Primeiro turno ,https://cdn.tse.jus.br/estatistica/sead/eleicoes/eleicoes2016/buweb/bweb_1t_SE_04102016190429.zip
SE,2016, Segundo turno ,https://cdn.tse.jus.br/estatistica/sead/eleicoes/eleicoes2016/buweb/bweb_2t_SE_31102016134528.zip
TO,2016, Primeiro turno ,https://cdn.tse.jus.br/estatistica/sead/eleicoes/eleicoes2016/buweb/bweb_1t_TO_04102016191025.zip
AC,2018, Primeiro turno ,https://cdn.tse.jus.br/estatistica/sead/eleicoes/eleicoes2018/buweb/BWEB_1t_AC_101020181938.zip
AC,2018, Segundo turno ,https://cdn.tse.jus.br/estatistica/sead/eleicoes/eleicoes2018/buweb/BWEB_2t_AC_301020181744.zip
AL,2018, Primeiro turno ,https://cdn.tse.jus.br/estatistica/sead/eleicoes/eleicoes2018/buweb/BWEB_1t_AL_101020181938.zip
AL,2018, Segundo turno ,https://cdn.tse.jus.br/estatistica/sead/eleicoes/eleicoes2018/buweb/BWEB_2t_AL_301020181744.zip
AM,2018, Primeiro turno ,https://cdn.tse.jus.br/estatistica/sead/eleicoes/eleicoes2018/buweb/BWEB_1t_AM_101020181938.zip
AM,2018, Segundo turno ,https://cdn.tse.jus.br/estatistica/sead/eleicoes/eleicoes2018/buweb/BWEB_2t_AM_301020181744.zip
AP,2018, Primeiro turno ,https://cdn.tse.jus.br/estatistica/sead/eleicoes/eleicoes2018/buweb/BWEB_1t_AP_101020181938.zip
AP,2018, Segundo turno ,https://cdn.tse.jus.br/estatistica/sead/eleicoes/eleicoes2018/buweb/BWEB_2t_AP_301020181744.zip
BA,2018, Primeiro turno ,https://cdn.tse.jus.br/estatistica/sead/eleicoes/eleicoes2018/buweb/BWEB_1t_BA_101020181938.zip
BA,2018, Segundo turno ,https://cdn.tse.jus.br/estatistica/sead/eleicoes/eleicoes2018/buweb/BWEB_2t_BA_301020181744.zip
CE,2018, Primeiro turno ,https://cdn.tse.jus.br/estatistica/sead/eleicoes/eleicoes2018/buweb/BWEB_1t_CE_101020181938.zip
CE,2018, Segundo turno ,https://cdn.tse.jus.br/estatistica/sead/eleicoes/eleicoes2018/buweb/BWEB_2t_CE_301020181744.zip
DF,2018, Primeiro turno ,https://cdn.tse.jus.br/estatistica/sead/eleicoes/eleicoes2018/buweb/BWEB_1t_DF_101020181938.zip
DF,2018, Segundo turno ,https://cdn.tse.jus.br/estatistica/sead/eleicoes/eleicoes2018/buweb/BWEB_2t_DF_301020181744.zip
ES,2018, Primeiro turno ,https://cdn.tse.jus.br/estatistica/sead/eleicoes/eleicoes2018/buweb/BWEB_1t_ES_101020181938.zip
ES,2018, Segundo turno ,https://cdn.tse.jus.br/estatistica/sead/eleicoes/eleicoes2018/buweb/BWEB_2t_ES_301020181744.zip
GO,2018, Primeiro turno ,https://cdn.tse.jus.br/estatistica/sead/eleicoes/eleicoes2018/buweb/BWEB_1t_GO_101020181938.zip
GO,2018, Segundo turno ,https://cdn.tse.jus.br/estatistica/sead/eleicoes/eleicoes2018/buweb/BWEB_2t_GO_301020181744.zip
MA,2018, Primeiro turno ,https://cdn.tse.jus.br/estatistica/sead/eleicoes/eleicoes2018/buweb/BWEB_1t_MA_101020181938.zip
MA,2018, Segundo turno ,https://cdn.tse.jus.br/estatistica/sead/eleicoes/eleicoes2018/buweb/BWEB_2t_MA_301020181744.zip
MG,2018, Primeiro turno ,https://cdn.tse.jus.br/estatistica/sead/eleicoes/eleicoes2018/buweb/BWEB_1t_MG_101020181938.zip
MG,2018, Segundo turno ,https://cdn.tse.jus.br/estatistica/sead/eleicoes/eleicoes2018/buweb/BWEB_2t_MG_301020181744.zip
MS,2018, Primeiro turno ,https://cdn.tse.jus.br/estatistica/sead/eleicoes/eleicoes2018/buweb/BWEB_1t_MS_101020181938.zip
MS,2018, Segundo turno ,https://cdn.tse.jus.br/estatistica/sead/eleicoes/eleicoes2018/buweb/BWEB_2t_MS_301020181744.zip
MT,2018, Primeiro turno ,https://cdn.tse.jus.br/estatistica/sead/eleicoes/eleicoes2018/buweb/BWEB_1t_MT_101020181938.zip
MT,2018, Segundo turno ,https://cdn.tse.jus.br/estatistica/sead/eleicoes/eleicoes2018/buweb/BWEB_2t_MT_301020181744.zip
PA,2018, Primeiro turno ,https://cdn.tse.jus.br/estatistica/sead/eleicoes/eleicoes2018/buweb/BWEB_1t_PA_101020181938.zip
PA,2018, Segundo turno ,https://cdn.tse.jus.br/estatistica/sead/eleicoes/eleicoes2018/buweb/BWEB_2t_PA_301020181744.zip
PB,2018, Primeiro turno ,https://cdn.tse.jus.br/estatistica/sead/eleicoes/eleicoes2018/buweb/BWEB_1t_PB_101020181938.zip
PB,2018, Segundo turno ,https://cdn.tse.jus.br/estatistica/sead/eleicoes/eleicoes2018/buweb/BWEB_2t_PB_301020181744.zip
PE,2018, Primeiro turno ,https://cdn.tse.jus.br/estatistica/sead/eleicoes/eleicoes2018/buweb/BWEB_1t_PE_101020181938.zip
PE,2018, Segundo turno ,https://cdn.tse.jus.br/estatistica/sead/eleicoes/eleicoes2018/buweb/BWEB_2t_PE_301020181744.zip
PI,2018, Primeiro turno ,https://cdn.tse.jus.br/estatistica/sead/eleicoes/eleicoes2018/buweb/BWEB_1t_PI_101020181938.zip
PI,2018, Segundo turno ,https://cdn.tse.jus.br/estatistica/sead/eleicoes/eleicoes2018/buweb/BWEB_2t_PI_301020181744.zip
PR,2018, Primeiro turno ,https://cdn.tse.jus.br/estatistica/sead/eleicoes/eleicoes2018/buweb/BWEB_1t_PR_101020181938.zip
PR,2018, Segundo turno ,https://cdn.tse.jus.br/estatistica/sead/eleicoes/eleicoes2018/buweb/BWEB_2t_PR_301020181744.zip
RJ,2018, Primeiro turno ,https://cdn.tse.jus.br/estatistica/sead/eleicoes/eleicoes2018/buweb/BWEB_1t_RJ_101020181938.zip
RJ,2018, Segundo turno ,https://cdn.tse.jus.br/estatistica/sead/eleicoes/eleicoes2018/buweb/BWEB_2t_RJ_301020181744.zip
RN,2018, Primeiro turno ,https://cdn.tse.jus.br/estatistica/sead/eleicoes/eleicoes2018/buweb/BWEB_1t_RN_101020181938.zip
RN,2018, Segundo turno ,https://cdn.tse.jus.br/estatistica/sead/eleicoes/eleicoes2018/buweb/BWEB_2t_RN_301020181744.zip
RO,2018, Primeiro turno ,https://cdn.tse.jus.br/estatistica/sead/eleicoes/eleicoes2018/buweb/BWEB_1t_RO_101020181938.zip
RO,2018, Segundo turno ,https://cdn.tse.jus.br/estatistica/sead/eleicoes/eleicoes2018/buweb/BWEB_2t_RO_301020181744.zip
RR,2018, Primeiro turno ,https://cdn.tse.jus.br/estatistica/sead/eleicoes/eleicoes2018/buweb/BWEB_1t_RR_101020181938.zip
RR,2018, Segundo turno ,https://cdn.tse.jus.br/estatistica/sead/eleicoes/eleicoes2018/buweb/BWEB_2t_RR_301020181744.zip
RS,2018, Primeiro turno ,https://cdn.tse.jus.br/estatistica/sead/eleicoes/eleicoes2018/buweb/BWEB_1t_RS_101020181938.zip
RS,2018, Segundo turno ,https://cdn.tse.jus.br/estatistica/sead/eleicoes/eleicoes2018/buweb/BWEB_2t_RS_301020181744.zip
SC,2018, Primeiro turno ,https://cdn.tse.jus.br/estatistica/sead/eleicoes/eleicoes2018/buweb/BWEB_1t_SC_101020181938.zip
SC,2018, Segundo turno ,https://cdn.tse.jus.br/estatistica/sead/eleicoes/eleicoes2018/buweb/BWEB_2t_SC_301020181744.zip
SE,2018, Primeiro turno ,https://cdn.tse.jus.br/estatistica/sead/eleicoes/eleicoes2018/buweb/BWEB_1t_SE_101020181938.zip
SE,2018, Segundo turno ,https://cdn.tse.jus.br/estatistica/sead/eleicoes/eleicoes2018/buweb/BWEB_2t_SE_301020181744.zip
SP,2018, Primeiro turno ,https://cdn.tse.jus.br/estatistica/sead/eleicoes/eleicoes2018/buweb/BWEB_1t_SP_101020181938.zip
SP,2018, Segundo turno ,https://cdn.tse.jus.br/estatistica/sead/eleicoes/eleicoes2018/buweb/BWEB_2t_SP_301020181744.zip
TO,2018, Primeiro turno ,https://cdn.tse.jus.br/estatistica/sead/eleicoes/eleicoes2018/buweb/BWEB_1t_TO_101020181938.zip
TO,2018, Segundo turno ,https://cdn.tse.jus.br/estatistica/sead/eleicoes/eleicoes2018/buweb/BWEB_2t_TO_301020181744.zip
Exterior,2018, Primeiro turno ,https://cdn.tse.jus.br/estatistica/sead/eleicoes/eleicoes2018/buweb/BWEB_1t_ZZ_111020181508.zip
Exterior,2018, Segundo turno ,https://cdn.tse.jus.br/estatistica/sead/eleicoes/eleicoes2018/buweb/BWEB_2t_ZZ_301020181744.zip
AC,2020, Primeiro turno ,https://cdn.tse.jus.br/eleicoes2020/buweb/bweb_1t_AC_181120201549.zip
AC,2020, Segundo turno ,https://cdn.tse.jus.br/eleicoes2020/buweb/bweb_2t_AC_301120201245.zip
AL,2020, Primeiro turno ,https://cdn.tse.jus.br/eleicoes2020/buweb/bweb_1t_AL_181120201549.zip
AL,2020, Segundo turno ,https://cdn.tse.jus.br/eleicoes2020/buweb/bweb_2t_AL_301120201245.zip
AM,2020, Primeiro turno ,https://cdn.tse.jus.br/eleicoes2020/buweb/bweb_1t_AM_181120201549.zip
AM,2020, Segundo turno ,https://cdn.tse.jus.br/eleicoes2020/buweb/bweb_2t_AM_301120201245.zip
AP,2020, Primeiro turno ,https://cdn.tse.jus.br/eleicoes2020/buweb/bweb_1t_AP_181120201549.zip
AP,2020, Primeiro turno ,https://cdn.tse.jus.br/eleicoes2020/buweb/bweb_1t_AP_071220201550.zip
AP,2020, Segundo turno ,https://cdn.tse.jus.br/eleicoes2020/buweb/bweb_2t_AP_301120201245.zip
AP,2020, Segundo turno ,https://cdn.tse.jus.br/eleicoes2020/buweb/bweb_2t_AP_211220201155.zip
BA,2020, Primeiro turno ,https://cdn.tse.jus.br/eleicoes2020/buweb/bweb_1t_BA_181120201549.zip
BA,2020, Segundo turno ,https://cdn.tse.jus.br/eleicoes2020/buweb/bweb_2t_BA_301120201245.zip
CE,2020, Primeiro turno ,https://cdn.tse.jus.br/eleicoes2020/buweb/bweb_1t_CE_181120201549.zip
CE,2020, Segundo turno ,https://cdn.tse.jus.br/eleicoes2020/buweb/bweb_2t_CE_301120201245.zip
ES,2020, Primeiro turno ,https://cdn.tse.jus.br/eleicoes2020/buweb/bweb_1t_ES_181120201549.zip
ES,2020, Segundo turno ,https://cdn.tse.jus.br/eleicoes2020/buweb/bweb_2t_ES_301120201245.zip
GO,2020, Primeiro turno ,https://cdn.tse.jus.br/eleicoes2020/buweb/bweb_1t_GO_181120201549.zip
GO,2020, Segundo turno ,https://cdn.tse.jus.br/eleicoes2020/buweb/bweb_2t_GO_301120201245.zip
MA,2020, Primeiro turno ,https://cdn.tse.jus.br/eleicoes2020/buweb/bweb_1t_MA_181120201549.zip
MA,2020, Segundo turno ,https://cdn.tse.jus.br/eleicoes2020/buweb/bweb_2t_MA_301120201245.zip
MG,2020, Primeiro turno ,https://cdn.tse.jus.br/eleicoes2020/buweb/bweb_1t_MG_181120201549.zip
MG,2020, Segundo turno ,https://cdn.tse.jus.br/eleicoes2020/buweb/bweb_2t_MG_301120201245.zip
MS,2020, Primeiro turno ,https://cdn.tse.jus.br/eleicoes2020/buweb/bweb_1t_MS_181120201549.zip
MS,2020, Segundo turno ,https://cdn.tse.jus.br/eleicoes2020/buweb/bweb_2t_MS_301120201245.zip
MT,2020, Primeiro turno ,https://cdn.tse.jus.br/eleicoes2020/buweb/bweb_1t_MT_181120201549.zip
MT,2020, Segundo turno ,https://cdn.tse.jus.br/eleicoes2020/buweb/bweb_2t_MT_301120201245.zip
PA,2020, Primeiro turno ,https://cdn.tse.jus.br/eleicoes2020/buweb/bweb_1t_PA_181120201549.zip
PA,2020, Segundo turno ,https://cdn.tse.jus.br/eleicoes2020/buweb/bweb_2t_PA_301120201245.zip
PB,2020, Primeiro turno ,https://cdn.tse.jus.br/eleicoes2020/buweb/bweb_1t_PB_181120201549.zip
PB,2020, Segundo turno ,https://cdn.tse.jus.br/eleicoes2020/buweb/bweb_2t_PB_301120201245.zip
PE,2020, Primeiro turno ,https://cdn.tse.jus.br/eleicoes2020/buweb/bweb_1t_PE_181120201549.zip
PE,2020, Segundo turno ,https://cdn.tse.jus.br/eleicoes2020/buweb/bweb_2t_PE_301120201245.zip
PI,2020, Primeiro turno ,https://cdn.tse.jus.br/eleicoes2020/buweb/bweb_1t_PI_181120201549.zip
PI,2020, Segundo turno ,https://cdn.tse.jus.br/eleicoes2020/buweb/bweb_2t_PI_301120201245.zip
PR,2020, Primeiro turno ,https://cdn.tse.jus.br/eleicoes2020/buweb/bweb_1t_PR_181120201549.zip
PR,2020, Segundo turno ,https://cdn.tse.jus.br/eleicoes2020/buweb/bweb_2t_PR_301120201245.zip
RJ,2020, Primeiro turno ,https://cdn.tse.jus.br/eleicoes2020/buweb/bweb_1t_RJ_181120201549.zip
RJ,2020, Segundo turno ,https://cdn.tse.jus.br/eleicoes2020/buweb/bweb_2t_RJ_301120201245.zip
RN,2020, Primeiro turno ,https://cdn.tse.jus.br/eleicoes2020/buweb/bweb_1t_RN_181120201549.zip
RN,2020, Segundo turno ,https://cdn.tse.jus.br/eleicoes2020/buweb/bweb_2t_RN_301120201245.zip
RO,2020, Primeiro turno ,https://cdn.tse.jus.br/eleicoes2020/buweb/bweb_1t_RO_181120201549.zip
RO,2020, Segundo turno ,https://cdn.tse.jus.br/eleicoes2020/buweb/bweb_2t_RO_301120201245.zip
RR,2020, Primeiro turno ,https://cdn.tse.jus.br/eleicoes2020/buweb/bweb_1t_RR_181120201549.zip
RR,2020, Segundo turno ,https://cdn.tse.jus.br/eleicoes2020/buweb/bweb_2t_RR_301120201245.zip
RS,2020, Primeiro turno ,https://cdn.tse.jus.br/eleicoes2020/buweb/bweb_1t_RS_181120201549.zip
RS,2020, Segundo turno ,https://cdn.tse.jus.br/eleicoes2020/buweb/bweb_2t_RS_301120201245.zip
SC,2020, Primeiro turno ,https://cdn.tse.jus.br/eleicoes2020/buweb/bweb_1t_SC_181120201549.zip
SC,2020, Segundo turno ,https://cdn.tse.jus.br/eleicoes2020/buweb/bweb_2t_SC_301120201245.zip
SE,2020, Primeiro turno ,https://cdn.tse.jus.br/eleicoes2020/buweb/bweb_1t_SE_181120201549.zip
SE,2020, Segundo turno ,https://cdn.tse.jus.br/eleicoes2020/buweb/bweb_2t_SE_301120201245.zip
SP,2020, Primeiro turno ,https://cdn.tse.jus.br/eleicoes2020/buweb/bweb_1t_SP_181120201549.zip
SP,2020, Segundo turno ,https://cdn.tse.jus.br/eleicoes2020/buweb/bweb_2t_SP_301120201245.zip
TO,2020, Primeiro turno ,https://cdn.tse.jus.br/eleicoes2020/buweb/bweb_1t_TO_181120201549.zip
TO,2020, Segundo turno ,https://cdn.tse.jus.br/eleicoes2020/buweb/bweb_2t_TO_301120201245.zip
AC,2022, Primeiro turno ,https://cdn.tse.jus.br/estatistica/sead/eleicoes/eleicoes2022/buweb/bweb_1t_AC_051020221321.zip
AC,2022, Segundo turno ,https://cdn.tse.jus.br/estatistica/sead/eleicoes/eleicoes2022/buweb/bweb_2t_AC_311020221535.zip
AL,2022, Primeiro turno ,https://cdn.tse.jus.br/estatistica/sead/eleicoes/eleicoes2022/buweb/bweb_1t_AL_051020221321.zip
AL,2022, Segundo turno ,https://cdn.tse.jus.br/estatistica/sead/eleicoes/eleicoes2022/buweb/bweb_2t_AL_311020221535.zip
AM,2022, Primeiro turno ,https://cdn.tse.jus.br/estatistica/sead/eleicoes/eleicoes2022/buweb/bweb_1t_AM_051020221321.zip
AM,2022, Segundo turno ,https://cdn.tse.jus.br/estatistica/sead/eleicoes/eleicoes2022/buweb/bweb_2t_AM_311020221535.zip
AP,2022, Primeiro turno ,https://cdn.tse.jus.br/estatistica/sead/eleicoes/eleicoes2022/buweb/bweb_1t_AP_051020221321.zip
AP,2022, Segundo turno ,https://cdn.tse.jus.br/estatistica/sead/eleicoes/eleicoes2022/buweb/bweb_2t_AP_311020221535.zip
BA,2022, Primeiro turno ,https://cdn.tse.jus.br/estatistica/sead/eleicoes/eleicoes2022/buweb/bweb_1t_BA_051020221321.zip
BA,2022, Segundo turno ,https://cdn.tse.jus.br/estatistica/sead/eleicoes/eleicoes2022/buweb/bweb_2t_BA_311020221535.zip
CE,2022, Primeiro turno ,https://cdn.tse.jus.br/estatistica/sead/eleicoes/eleicoes2022/buweb/bweb_1t_CE_051020221321.zip
CE,2022, Segundo turno ,https://cdn.tse.jus.br/estatistica/sead/eleicoes/eleicoes2022/buweb/bweb_2t_CE_311020221535.zip
DF,2022, Primeiro turno ,https://cdn.tse.jus.br/estatistica/sead/eleicoes/eleicoes2022/buweb/bweb_1t_DF_051020221321.zip
DF,2022, Segundo turno ,https://cdn.tse.jus.br/estatistica/sead/eleicoes/eleicoes2022/buweb/bweb_2t_DF_311020221535.zip
ES,2022, Primeiro turno ,https://cdn.tse.jus.br/estatistica/sead/eleicoes/eleicoes2022/buweb/bweb_1t_ES_051020221321.zip
ES,2022, Segundo turno ,https://cdn.tse.jus.br/estatistica/sead/eleicoes/eleicoes2022/buweb/bweb_2t_ES_311020221535.zip
GO,2022, Primeiro turno ,https://cdn.tse.jus.br/estatistica/sead/eleicoes/eleicoes2022/buweb/bweb_1t_GO_051020221321.zip
GO,2022, Segundo turno ,https://cdn.tse.jus.br/estatistica/sead/eleicoes/eleicoes2022/buweb/bweb_2t_GO_311020221535.zip
MA,2022, Primeiro turno ,https://cdn.tse.jus.br/estatistica/sead/eleicoes/eleicoes2022/buweb/bweb_1t_MA_051020221321.zip
MA,2022, Segundo turno ,https://cdn.tse.jus.br/estatistica/sead/eleicoes/eleicoes2022/buweb/bweb_2t_MA_311020221535.zip
MG,2022, Primeiro turno ,https://cdn.tse.jus.br/estatistica/sead/eleicoes/eleicoes2022/buweb/bweb_1t_MG_051020221321.zip
MG,2022, Segundo turno ,https://cdn.tse.jus.br/estatistica/sead/eleicoes/eleicoes2022/buweb/bweb_2t_MG_311020221535.zip
MS,2022, Primeiro turno ,https://cdn.tse.jus.br/estatistica/sead/eleicoes/eleicoes2022/buweb/bweb_1t_MS_051020221321.zip
MS,2022, Segundo turno ,https://cdn.tse.jus.br/estatistica/sead/eleicoes/eleicoes2022/buweb/bweb_2t_MS_311020221535.zip
MT,2022, Primeiro turno ,https://cdn.tse.jus.br/estatistica/sead/eleicoes/eleicoes2022/buweb/bweb_1t_MT_051020221321.zip
MT,2022, Segundo turno ,https://cdn.tse.jus.br/estatistica/sead/eleicoes/eleicoes2022/buweb/bweb_2t_MT_311020221535.zip
PA,2022, Primeiro turno ,https://cdn.tse.jus.br/estatistica/sead/eleicoes/eleicoes2022/buweb/bweb_1t_PA_051020221321.zip
PA,2022, Segundo turno ,https://cdn.tse.jus.br/estatistica/sead/eleicoes/eleicoes2022/buweb/bweb_2t_PA_311020221535.zip
PB,2022, Primeiro turno ,https://cdn.tse.jus.br/estatistica/sead/eleicoes/eleicoes2022/buweb/bweb_1t_PB_051020221321.zip
PB,2022, Segundo turno ,https://cdn.tse.jus.br/estatistica/sead/eleicoes/eleicoes2022/buweb/bweb_2t_PB_311020221535.zip
PE,2022, Primeiro turno ,https://cdn.tse.jus.br/estatistica/sead/eleicoes/eleicoes2022/buweb/bweb_1t_PE_051020221321.zip
PE,2022, Segundo turno ,https://cdn.tse.jus.br/estatistica/sead/eleicoes/eleicoes2022/buweb/bweb_2t_PE_311020221535.zip
PI,2022, Primeiro turno ,https://cdn.tse.jus.br/estatistica/sead/eleicoes/eleicoes2022/buweb/bweb_1t_PI_051020221321.zip
PI,2022, Segundo turno ,https://cdn.tse.jus.br/estatistica/sead/eleicoes/eleicoes2022/buweb/bweb_2t_PI_311020221535.zip
PR,2022, Primeiro turno ,https://cdn.tse.jus.br/estatistica/sead/eleicoes/eleicoes2022/buweb/bweb_1t_PR_051020221321.zip
PR,2022, Segundo turno ,https://cdn.tse.jus.br/estatistica/sead/eleicoes/eleicoes2022/buweb/bweb_2t_PR_311020221535.zip
RJ,2022, Primeiro turno ,https://cdn.tse.jus.br/estatistica/sead/eleicoes/eleicoes2022/buweb/bweb_1t_RJ_051020221321.zip
RJ,2022, Segundo turno ,https://cdn.tse.jus.br/estatistica/sead/eleicoes/eleicoes2022/buweb/bweb_2t_RJ_311020221535.zip
RN,2022, Primeiro turno ,https://cdn.tse.jus.br/estatistica/sead/eleicoes/eleicoes2022/buweb/bweb_1t_RN_051020221321.zip
RN,2022, Segundo turno ,https://cdn.tse.jus.br/estatistica/sead/eleicoes/eleicoes2022/buweb/bweb_2t_RN_311020221535.zip
RO,2022, Primeiro turno ,https://cdn.tse.jus.br/estatistica/sead/eleicoes/eleicoes2022/buweb/bweb_1t_RO_051020221321.zip
RO,2022, Segundo turno ,https://cdn.tse.jus.br/estatistica/sead/eleicoes/eleicoes2022/buweb/bweb_2t_RO_311020221535.zip
RR,2022, Primeiro turno ,https://cdn.tse.jus.br/estatistica/sead/eleicoes/eleicoes2022/buweb/bweb_1t_RR_051020221321.zip
RR,2022, Segundo turno ,https://cdn.tse.jus.br/estatistica/sead/eleicoes/eleicoes2022/buweb/bweb_2t_RR_311020221535.zip
RS,2022, Primeiro turno ,https://cdn.tse.jus.br/estatistica/sead/eleicoes/eleicoes2022/buweb/bweb_1t_RS_051020221321.zip
RS,2022, Segundo turno ,https://cdn.tse.jus.br/estatistica/sead/eleicoes/eleicoes2022/buweb/bweb_2t_RS_311020221535.zip
SC,2022, Primeiro turno ,https://cdn.tse.jus.br/estatistica/sead/eleicoes/eleicoes2022/buweb/bweb_1t_SC_051020221321.zip
SC,2022, Segundo turno ,https://cdn.tse.jus.br/estatistica/sead/eleicoes/eleicoes2022/buweb/bweb_2t_SC_311020221535.zip
SE,2022, Primeiro turno ,https://cdn.tse.jus.br/estatistica/sead/eleicoes/eleicoes2022/buweb/bweb_1t_SE_051020221321.zip
SE,2022, Segundo turno ,https://cdn.tse.jus.br/estatistica/sead/eleicoes/eleicoes2022/buweb/bweb_2t_SE_311020221535.zip
SP,2022, Primeiro turno ,https://cdn.tse.jus.br/estatistica/sead/eleicoes/eleicoes2022/buweb/bweb_1t_SP_051020221321.zip
SP,2022, Segundo turno ,https://cdn.tse.jus.br/estatistica/sead/eleicoes/eleicoes2022/buweb/bweb_2t_SP_311020221535.zip
TO,2022, Primeiro turno ,https://cdn.tse.jus.br/estatistica/sead/eleicoes/eleicoes2022/buweb/bweb_1t_TO_051020221321.zip
TO,2022, Segundo turno ,https://cdn.tse.jus.br/estatistica/sead/eleicoes/eleicoes2022/buweb/bweb_2t_TO_311020221535.zip
ZZ,2022, Primeiro turno ,https://cdn.tse.jus.br/estatistica/sead/eleicoes/eleicoes2022/buweb/bweb_1t_ZZ_051020221321.zip
ZZ,2022, Segundo turno ,https://cdn.tse.jus.br/estatistica/sead/eleicoes/eleicoes2022/buweb/bweb_2t_ZZ_311020221535.zip
